{
	"name": "kk admin extension",
	"version": "1.2",
	"download_url": "https://github.com/Hiepler/wp_admin_extension/raw/master/kk_admin_extension.zip",

	"homepage": "http://krankikom.de/",
	"requires": "4.5",
	"tested": "4.9.4",
	"last_updated": "2018-02-19 16:17:00",
	"upgrade_notice": "Fix for WP-4.9.4",

	"author": "Benedikt Hiepler",
	"author_homepage": "http://krankikom.de/",

	"sections": {
		"description": "Erweiterung Portfolio - 'Mitarbeiter' und 'Unternehmen' ",
		"installation": "Einfach aktivieren",
		"changelog": "<h1>v1.2</h1><p>Fix for WP-4.9.4</p>",
		"custom_section": "KK"
	},
	
	"icons" : {
		"1x" : "http://w-shadow.com/files/external-update-example/assets/icon-128x128.png",
		"2x" : "http://w-shadow.com/files/external-update-example/assets/icon-256x256.png"
    },

	"banners": {
		"low": "http://w-shadow.com/files/external-update-example/assets/banner-772x250.png",
		"high": "http://w-shadow.com/files/external-update-example/assets/banner-1544x500.png"
	},

	"translations": [
		{
			"language": "fr_FR",
			"version": "4.0",
			"updated": "2016-04-22 23:22:42",
			"package": "http://example.com/updates/translations/french-language-pack.zip"
		},
		{
			"language": "de_DE",
			"version": "5.0",
			"updated": "2016-04-22 23:22:42",
			"package": "http://example.com/updates/translations/german-language-pack.zip"
		}
	],

	"rating": 100,
	"num_ratings": 1,

	"downloaded": 2,
	"active_installs": 2
}